timestamp,open_at,open,high,low,close,volume,available_at
2023-01-03T16:00:00,2023-01-03T09:30:00,100.07930241229448,100.34106456431438,99.72500625394447,99.77106129487224,1185847.0230780565,2023-01-03T16:00:00
2023-01-04T16:00:00,2023-01-04T09:30:00,99.97712059127102,100.44075077209098,99.96976623003086,100.43497543756472,1200267.8991576005,2023-01-04T16:00:00
2023-01-05T16:00:00,2023-01-05T09:30:00,100.30270530303922,100.60882819689006,98.87077580759859,99.51987933944454,1077036.3403359351,2023-01-05T16:00:00
2023-01-06T16:00:00,2023-01-06T09:30:00,99.71956214804499,99.91798192400026,98.78019835894771,99.46694190493231,1026293.5334622202,2023-01-06T16:00:00
2023-01-09T16:00:00,2023-01-09T09:30:00,99.56168571764475,99.8205866153304,98.67178037698233,98.84655592954358,1103620.4942358101,2023-01-09T16:00:00
2023-01-10T16:00:00,2023-01-10T09:30:00,98.68375963633437,99.0719664201549,98.34998119391993,98.86214000681868,983475.1693473994,2023-01-10T16:00:00
2023-01-11T16:00:00,2023-01-11T09:30:00,98.85851016773756,100.18940731438511,98.69812685558276,100.03302863670814,1132915.4059727078,2023-01-11T16:00:00
2023-01-12T16:00:00,2023-01-12T09:30:00,99.79386529570347,100.02240570030077,99.61834998419602,99.6614052852638,1028823.9647312626,2023-01-12T16:00:00
2023-01-13T16:00:00,2023-01-13T09:30:00,99.56546312816153,99.95064239782542,99.24048150557901,99.86077404180917,1086199.4224881025,2023-01-13T16:00:00
2023-01-16T16:00:00,2023-01-16T09:30:00,99.8054011562161,99.9335133039257,99.48582868281953,99.8787446401787,1119800.228754429,2023-01-16T16:00:00
2023-01-17T16:00:00,2023-01-17T09:30:00,100.23212178971953,100.8446813038841,99.95436656894424,100.83086158110908,1216806.5564341547,2023-01-17T16:00:00
2023-01-18T16:00:00,2023-01-18T09:30:00,100.59453162515756,100.86059063446726,100.24813479604042,100.84223322254337,1118760.1897994296,2023-01-18T16:00:00
2023-01-19T16:00:00,2023-01-19T09:30:00,100.79907251826556,100.8944488342583,99.11562335968469,99.22404936885438,1460668.1459773614,2023-01-19T16:00:00
2023-01-20T16:00:00,2023-01-20T09:30:00,99.10464204465926,99.26312505683325,97.95902073939934,98.32170714508955,1252673.854945505,2023-01-20T16:00:00
2023-01-23T16:00:00,2023-01-23T09:30:00,98.27093686616232,98.28788034411357,98.02074396111237,98.03831260985264,1202825.9041179656,2023-01-23T16:00:00
2023-01-24T16:00:00,2023-01-24T09:30:00,97.86226234446656,98.10190115710131,97.78208117281596,98.09276397672566,1101097.0881628816,2023-01-24T16:00:00
2023-01-25T16:00:00,2023-01-25T09:30:00,98.10686079632713,100.47197210907648,97.81965232278412,100.05746027066945,1363463.4914066521,2023-01-25T16:00:00
2023-01-26T16:00:00,2023-01-26T09:30:00,99.82729252967893,100.93132184693509,99.55919017619182,100.57164226677581,1232820.6280041002,2023-01-26T16:00:00
2023-01-27T16:00:00,2023-01-27T09:30:00,100.5272438047404,103.07256331646084,100.32717831863222,102.9871527395771,1475075.9464705125,2023-01-27T16:00:00
2023-01-30T16:00:00,2023-01-30T09:30:00,102.65027782606897,104.0689506475146,102.63388435337994,104.01948111149586,1284893.9031897548,2023-01-30T16:00:00
2023-01-31T16:00:00,2023-01-31T09:30:00,103.93562357698524,104.35831810053755,103.67491812311218,104.00522468869461,1070522.356090282,2023-01-31T16:00:00
2023-02-01T16:00:00,2023-02-01T09:30:00,103.9072933375291,103.92055495730355,102.35920988775307,102.42428937390831,1219846.137907011,2023-02-01T16:00:00
2023-02-02T16:00:00,2023-02-02T09:30:00,102.2797978379284,102.67141993721847,102.21042049491955,102.43775464933356,1152435.6879170819,2023-02-02T16:00:00
2023-02-03T16:00:00,2023-02-03T09:30:00,102.29108045975752,103.89782109251303,101.68499576812957,103.29780858763054,1218506.0559636534,2023-02-03T16:00:00
2023-02-06T16:00:00,2023-02-06T09:30:00,103.58208904483301,103.70072472541649,103.19235819013488,103.51986683437616,1042799.4220060788,2023-02-06T16:00:00
2023-02-07T16:00:00,2023-02-07T09:30:00,103.66227578147794,104.2560271786957,101.84027891180092,101.98591924531883,1251450.0446581484,2023-02-07T16:00:00
2023-02-08T16:00:00,2023-02-08T09:30:00,102.1658534774189,102.45844599839621,101.68163656596339,101.92292522278358,1120744.0373855736,2023-02-08T16:00:00
2023-02-09T16:00:00,2023-02-09T09:30:00,101.77373205126317,103.06369440624309,101.42583285533509,102.9614951022502,1314557.6337070137,2023-02-09T16:00:00
2023-02-10T16:00:00,2023-02-10T09:30:00,102.83842885278557,102.98463226334226,102.43749186084783,102.65398712683019,1029757.0127805223,2023-02-10T16:00:00
2023-02-13T16:00:00,2023-02-13T09:30:00,102.59936729903879,102.85205440742862,102.47681021629023,102.58145737047323,1100508.7851283418,2023-02-13T16:00:00
2023-02-14T16:00:00,2023-02-14T09:30:00,102.42932920977114,102.59915689264281,102.33392319399462,102.35028984331035,1118974.0813362289,2023-02-14T16:00:00
2023-02-15T16:00:00,2023-02-15T09:30:00,102.07441838833543,103.32321750223072,101.87023054697792,103.00013966653783,1313906.918412208,2023-02-15T16:00:00
2023-02-16T16:00:00,2023-02-16T09:30:00,103.10187822956046,103.22578589469593,101.01269615561021,101.20414443093655,1459573.6441664824,2023-02-16T16:00:00
2023-02-17T16:00:00,2023-02-17T09:30:00,101.3642500911467,103.58799330420905,101.09124025876207,103.43161669885322,1456074.8096674979,2023-02-17T16:00:00
2023-02-20T16:00:00,2023-02-20T09:30:00,103.34189754655262,103.46626845629406,103.05128313333826,103.05425602176719,1029410.3197974087,2023-02-20T16:00:00
2023-02-21T16:00:00,2023-02-21T09:30:00,103.15691624971751,103.53246481137919,102.4676180434132,102.81196179584127,1022502.3782728856,2023-02-21T16:00:00
2023-02-22T16:00:00,2023-02-22T09:30:00,102.93299083798813,103.70602221231361,102.91856817240966,103.48039877089141,1146736.1713182847,2023-02-22T16:00:00
2023-02-23T16:00:00,2023-02-23T09:30:00,103.31596200645916,103.73016742916593,102.58572609489826,102.75192091249666,1035914.5595281925,2023-02-23T16:00:00
2023-02-24T16:00:00,2023-02-24T09:30:00,102.74096275049811,102.83180737439967,102.3676721174119,102.68440975504888,1092467.026975091,2023-02-24T16:00:00
2023-02-27T16:00:00,2023-02-27T09:30:00,102.68123607223022,103.29366171123675,101.81356877032196,101.83591810160806,1160634.3704416014,2023-02-27T16:00:00
2023-02-28T16:00:00,2023-02-28T09:30:00,101.74630574849581,101.88906200049401,100.57737146703971,101.01026974545151,1023038.3947901736,2023-02-28T16:00:00
2023-03-01T16:00:00,2023-03-01T09:30:00,101.01853654274417,101.34751200230544,99.47715749044201,99.6953775224982,1298953.3084957388,2023-03-01T16:00:00
2023-03-02T16:00:00,2023-03-02T09:30:00,99.5267623305869,100.39196963229834,99.50263420677811,100.2483363818205,1250710.3417440616,2023-03-02T16:00:00
2023-03-03T16:00:00,2023-03-03T09:30:00,100.35418940954777,100.79705483713175,99.39399654255338,99.620763939789,1048810.6711484133,2023-03-03T16:00:00
2023-03-06T16:00:00,2023-03-06T09:30:00,99.72876043214023,100.14814286655701,99.65318708467807,99.97962980679816,1199869.0425981234,2023-03-06T16:00:00
2023-03-07T16:00:00,2023-03-07T09:30:00,99.90571758679961,99.96742284523681,99.62650431665193,99.82578532483589,1045944.1420566273,2023-03-07T16:00:00
2023-03-08T16:00:00,2023-03-08T09:30:00,100.15892192202797,100.5786502452364,99.87390331303061,100.07225485857303,950264.1596366528,2023-03-08T16:00:00
2023-03-09T16:00:00,2023-03-09T09:30:00,99.91391237484234,100.56398580208378,99.87812756795051,100.36364636076405,1074318.3075640292,2023-03-09T16:00:00
2023-03-10T16:00:00,2023-03-10T09:30:00,100.34391828412514,100.43115312306308,99.65130737270081,99.67594532503233,1037133.7851491862,2023-03-10T16:00:00
2023-03-13T16:00:00,2023-03-13T09:30:00,99.92954900674205,100.04397060735724,98.09415365904486,98.51336518750479,1214029.9377569666,2023-03-13T16:00:00
2023-03-14T16:00:00,2023-03-14T09:30:00,98.56536174271254,99.32895153930833,98.14054162015707,98.81723159998678,1116012.4816995482,2023-03-14T16:00:00
2023-03-15T16:00:00,2023-03-15T09:30:00,98.9242735583916,99.64915481949276,98.30471175092833,99.54549184957172,1253070.6283466455,2023-03-15T16:00:00
2023-03-16T16:00:00,2023-03-16T09:30:00,99.54817417456479,99.83148786196787,98.70276744864674,98.77546127963389,1222362.2296213114,2023-03-16T16:00:00
2023-03-17T16:00:00,2023-03-17T09:30:00,98.7795520590267,98.82155399171621,98.3950567501697,98.58332633726141,1090177.714443895,2023-03-17T16:00:00
2023-03-20T16:00:00,2023-03-20T09:30:00,98.67155755012507,98.67992580818462,98.01551875340769,98.36737628188877,1035850.8410486282,2023-03-20T16:00:00
2023-03-21T16:00:00,2023-03-21T09:30:00,98.50199316738347,98.93129845148097,97.55673883257016,97.72607861563887,1102551.9059614206,2023-03-21T16:00:00
2023-03-22T16:00:00,2023-03-22T09:30:00,98.00928188059446,98.06565835579262,96.83104877311746,97.01351949630889,1215997.6886170632,2023-03-22T16:00:00
2023-03-23T16:00:00,2023-03-23T09:30:00,97.20764875043128,97.41695443245813,97.18931288679381,97.27460138914414,1064529.4970820078,2023-03-23T16:00:00
2023-03-24T16:00:00,2023-03-24T09:30:00,97.4403278165044,98.24627634247783,97.26604237281504,98.02093983279566,1227443.9199837064,2023-03-24T16:00:00
2023-03-27T16:00:00,2023-03-27T09:30:00,98.0196171786235,98.24231960258344,97.69002043014778,98.12234067129766,1060731.6300593761,2023-03-27T16:00:00
2023-03-28T16:00:00,2023-03-28T09:30:00,98.08400353737787,98.12044811087677,97.63736010615752,97.83975020022312,1068628.1437828206,2023-03-28T16:00:00
2023-03-29T16:00:00,2023-03-29T09:30:00,97.70896816815144,98.18459222392498,97.3648796025864,97.98372293755645,1061128.6275632598,2023-03-29T16:00:00
2023-03-30T16:00:00,2023-03-30T09:30:00,97.88783091522136,100.61811432093346,97.77400178692967,100.36508411377626,1577647.9207116752,2023-03-30T16:00:00
2023-03-31T16:00:00,2023-03-31T09:30:00,100.44265808078495,100.45761383614989,99.59811793256681,99.6046768687792,1186542.118209993,2023-03-31T16:00:00
2023-04-03T16:00:00,2023-04-03T09:30:00,99.29659230783551,100.01709342662019,99.27918305573856,99.87433690450627,1162462.9304935054,2023-04-03T16:00:00
2023-04-04T16:00:00,2023-04-04T09:30:00,99.99439978053691,100.16583846394772,99.6510162526306,99.99751214798995,1042757.7339986451,2023-04-04T16:00:00
2023-04-05T16:00:00,2023-04-05T09:30:00,100.08828820206367,100.60221197905605,100.00804702454441,100.43271708780826,1072911.5733137885,2023-04-05T16:00:00
2023-04-06T16:00:00,2023-04-06T09:30:00,100.23851902938843,100.50555662694997,98.82334760665883,98.98358287001861,1356458.5267418507,2023-04-06T16:00:00
2023-04-07T16:00:00,2023-04-07T09:30:00,98.99848765271376,99.67713356844536,98.763454015363,99.62105304416052,1098599.6863004668,2023-04-07T16:00:00
2023-04-10T16:00:00,2023-04-10T09:30:00,99.79659589647963,100.10256442668174,99.7556254196348,99.87519713941792,911542.2697059638,2023-04-10T16:00:00
2023-04-11T16:00:00,2023-04-11T09:30:00,99.66776708273741,99.90178490646989,99.55528220705055,99.84388896193093,1045920.2076323216,2023-04-11T16:00:00
2023-04-12T16:00:00,2023-04-12T09:30:00,99.98902121004434,100.3203933976835,99.48795874253827,99.7286470361509,1073415.5398769726,2023-04-12T16:00:00
2023-04-13T16:00:00,2023-04-13T09:30:00,99.68617260003344,99.93224047933131,98.59191812640712,98.95956400535425,1215622.6186180825,2023-04-13T16:00:00
2023-04-14T16:00:00,2023-04-14T09:30:00,99.10902792773527,100.48202275778924,99.05503274211893,99.93184258899325,1078486.7116448327,2023-04-14T16:00:00
2023-04-17T16:00:00,2023-04-17T09:30:00,99.7498395055454,100.29471936980369,99.25832898357703,100.07590312891365,1016310.8045946133,2023-04-17T16:00:00
2023-04-18T16:00:00,2023-04-18T09:30:00,100.02595947724019,100.16509454172966,98.26690529356327,98.64110408624761,1259760.380027305,2023-04-18T16:00:00
2023-04-19T16:00:00,2023-04-19T09:30:00,98.28500121212745,98.90067372930898,97.37496570251957,97.73102789944703,1248016.4211360824,2023-04-19T16:00:00
2023-04-20T16:00:00,2023-04-20T09:30:00,97.72463755289601,97.90657384764022,97.49555972961603,97.81395157912941,1025875.1924343306,2023-04-20T16:00:00
2023-04-21T16:00:00,2023-04-21T09:30:00,97.84110553003582,97.97942598972956,97.2150299777808,97.35106999899754,1209897.1221322357,2023-04-21T16:00:00
2023-04-24T16:00:00,2023-04-24T09:30:00,97.29912230300145,99.7595385864748,97.08394211499599,99.52534554377425,1397838.3058396871,2023-04-24T16:00:00
2023-04-25T16:00:00,2023-04-25T09:30:00,99.31271710874533,99.57113693190037,98.6895784823174,98.90429319688302,1233337.7934613475,2023-04-25T16:00:00
2023-04-26T16:00:00,2023-04-26T09:30:00,98.98883777346241,100.7319648319267,98.68500445110615,100.55492691930876,1335757.0954586465,2023-04-26T16:00:00
2023-04-27T16:00:00,2023-04-27T09:30:00,100.38180441150323,101.52852233492068,100.13769055197614,101.32980347175504,1131669.690308665,2023-04-27T16:00:00
2023-04-28T16:00:00,2023-04-28T09:30:00,101.22656932446743,101.4973260845158,100.86740267648615,100.95738463886488,1010768.024222748,2023-04-28T16:00:00
2023-05-01T16:00:00,2023-05-01T09:30:00,101.10877822688875,101.48484012976026,100.8328618528137,101.32890504927036,1035500.7747482917,2023-05-01T16:00:00
2023-05-02T16:00:00,2023-05-02T09:30:00,101.62877186393166,102.01282664643792,100.55807566279333,100.60106966889039,1341317.0327241416,2023-05-02T16:00:00
2023-05-03T16:00:00,2023-05-03T09:30:00,100.78427882733988,101.08999036397415,100.67397124108716,100.86410689184743,983140.2282443974,2023-05-03T16:00:00
2023-05-04T16:00:00,2023-05-04T09:30:00,100.91343717218562,101.11297914123772,100.30875163100887,100.74019637272907,1178254.550540018,2023-05-04T16:00:00
2023-05-05T16:00:00,2023-05-05T09:30:00,100.74052706389438,101.04128271278086,99.53521650693101,99.5946521143766,1398253.057244791,2023-05-05T16:00:00
2023-05-08T16:00:00,2023-05-08T09:30:00,99.54933679294581,101.09410272370003,99.1532720232482,100.70102300408112,1136432.2363617818,2023-05-08T16:00:00
2023-05-09T16:00:00,2023-05-09T09:30:00,100.67115817813593,101.04823679363021,99.98691482156812,100.07458486616808,1128590.339192932,2023-05-09T16:00:00
2023-05-10T16:00:00,2023-05-10T09:30:00,100.15266886334959,100.18226062084823,99.62713869030674,99.95996759362048,1165194.3395691442,2023-05-10T16:00:00
2023-05-11T16:00:00,2023-05-11T09:30:00,99.8435943404252,99.897218608953,99.68776264299223,99.86158390746499,1096724.2302936,2023-05-11T16:00:00
2023-05-12T16:00:00,2023-05-12T09:30:00,99.98636854620489,100.89167622907088,99.64494673385856,100.66660032728024,1059580.62769626,2023-05-12T16:00:00
2023-05-15T16:00:00,2023-05-15T09:30:00,100.55282003241398,102.22513638332437,100.22945507151142,101.8075199697225,1189948.8548593286,2023-05-15T16:00:00
2023-05-16T16:00:00,2023-05-16T09:30:00,101.85904028917938,102.23929161710063,101.75952666283341,102.11628543144916,1091970.939181981,2023-05-16T16:00:00
2023-05-17T16:00:00,2023-05-17T09:30:00,102.24402311310553,102.40131132076404,101.25598419340858,102.0253983799326,1121396.4725994421,2023-05-17T16:00:00
2023-05-18T16:00:00,2023-05-18T09:30:00,101.97619737751293,102.22027083996973,101.4088802428056,101.5313444815887,1024742.332052714,2023-05-18T16:00:00
2023-05-19T16:00:00,2023-05-19T09:30:00,101.219747020691,101.98347707562907,100.6511264554547,100.9155210667755,1006288.6634184303,2023-05-19T16:00:00
2023-05-22T16:00:00,2023-05-22T09:30:00,101.09328681849898,101.75045834134512,100.95265992942281,101.55121634388377,1022481.4219227764,2023-05-22T16:00:00
2023-05-23T16:00:00,2023-05-23T09:30:00,101.34706252797112,102.03138622437157,101.09702785736317,101.56889222675933,1033109.736417367,2023-05-23T16:00:00
2023-05-24T16:00:00,2023-05-24T09:30:00,101.48204334217974,101.7700320578531,101.08828196827139,101.6436313039212,1004582.5241408964,2023-05-24T16:00:00
2023-05-25T16:00:00,2023-05-25T09:30:00,101.8254182971079,101.92378859884322,101.50948400437466,101.83318041080044,1128796.845054161,2023-05-25T16:00:00
2023-05-26T16:00:00,2023-05-26T09:30:00,101.82104006698313,102.55278639188518,101.73933872560994,102.46998901464674,1123418.779266028,2023-05-26T16:00:00
2023-05-29T16:00:00,2023-05-29T09:30:00,102.46534403755845,102.98205230084045,101.18796550846969,101.61563587435703,1044800.0388195477,2023-05-29T16:00:00
2023-05-30T16:00:00,2023-05-30T09:30:00,101.66830937787954,102.1610576848116,100.00856846937548,100.18765995511745,1348625.0222656946,2023-05-30T16:00:00
2023-05-31T16:00:00,2023-05-31T09:30:00,100.21524818499103,101.90734705361537,99.57065550460456,101.41777464907837,1181907.5346065487,2023-05-31T16:00:00
2023-06-01T16:00:00,2023-06-01T09:30:00,101.27077935514346,102.13456062482432,101.26577469495625,101.99929517436695,1124649.6375056994,2023-06-01T16:00:00
2023-06-02T16:00:00,2023-06-02T09:30:00,101.76727007119167,102.21656418354505,101.47615410804934,101.62837828489818,1041875.731141107,2023-06-02T16:00:00
2023-06-05T16:00:00,2023-06-05T09:30:00,101.72089849027135,101.82889013172768,100.14247145784125,100.4260433032653,1176925.2240940304,2023-06-05T16:00:00
2023-06-06T16:00:00,2023-06-06T09:30:00,100.55301755137384,101.1976631821958,100.54815618702027,101.10594799915229,1188286.9646794694,2023-06-06T16:00:00
2023-06-07T16:00:00,2023-06-07T09:30:00,101.21138961652036,101.64877949503874,100.28407472619367,100.40265721999742,1220100.032978046,2023-06-07T16:00:00
2023-06-08T16:00:00,2023-06-08T09:30:00,100.49569015588543,100.78443174479514,100.17282890157075,100.26176840599783,1008999.2585730299,2023-06-08T16:00:00
2023-06-09T16:00:00,2023-06-09T09:30:00,100.24484787390472,100.39616402164191,98.0175729288366,98.66786794250638,1259530.0106769225,2023-06-09T16:00:00
2023-06-12T16:00:00,2023-06-12T09:30:00,98.58508659731838,100.53032241616485,98.48174413934355,100.02572525626107,1353362.6482808387,2023-06-12T16:00:00
2023-06-13T16:00:00,2023-06-13T09:30:00,100.1541013662583,100.67101408691839,99.88746831462663,100.52329734544514,1018641.2724238476,2023-06-13T16:00:00
2023-06-14T16:00:00,2023-06-14T09:30:00,100.602097180443,102.04499030462455,100.36214916678861,101.38870900470891,1297396.1042224371,2023-06-14T16:00:00
2023-06-15T16:00:00,2023-06-15T09:30:00,101.34242508884206,101.74920476764527,101.30440388546523,101.46115129053155,1097426.0035462608,2023-06-15T16:00:00
2023-06-16T16:00:00,2023-06-16T09:30:00,101.49798360331462,102.1022280949274,101.30552157127404,101.77158818934761,1062018.1575593438,2023-06-16T16:00:00
2023-06-19T16:00:00,2023-06-19T09:30:00,101.77232599878957,101.99464949196594,101.32397406359051,101.62530290715686,955112.1419608408,2023-06-19T16:00:00
2023-06-20T16:00:00,2023-06-20T09:30:00,101.54450443859724,101.6543499833048,100.7162457608839,101.02569335985983,1060063.647004404,2023-06-20T16:00:00
2023-06-21T16:00:00,2023-06-21T09:30:00,100.97849399656941,101.0110903023573,98.96291525893996,99.44632035367562,1269654.8595779461,2023-06-21T16:00:00
2023-06-22T16:00:00,2023-06-22T09:30:00,99.49442134010017,99.72024950427625,98.16171988372251,98.60632083809807,1180463.0866980876,2023-06-22T16:00:00
2023-06-23T16:00:00,2023-06-23T09:30:00,98.42185289180412,98.68037608115064,97.61763635738038,97.65206315103228,1239226.0789353051,2023-06-23T16:00:00
2023-06-26T16:00:00,2023-06-26T09:30:00,97.52568521850556,98.22237599574329,97.43866430708152,97.89134868267803,1015084.2196466043,2023-06-26T16:00:00
2023-06-27T16:00:00,2023-06-27T09:30:00,97.87637262798219,98.13403813371745,97.22063202652944,97.37873947691834,1024270.3892537514,2023-06-27T16:00:00
2023-06-28T16:00:00,2023-06-28T09:30:00,97.46576179565511,97.48705931619783,97.23756256234913,97.2624510998856,1021477.5618403639,2023-06-28T16:00:00
2023-06-29T16:00:00,2023-06-29T09:30:00,97.30258188950705,97.5082020524043,97.04298381819697,97.21546393229188,955203.3255304763,2023-06-29T16:00:00
2023-06-30T16:00:00,2023-06-30T09:30:00,97.2458625878467,97.5146949385933,96.11223552953749,96.30299346410179,1172756.537900777,2023-06-30T16:00:00
2023-07-03T16:00:00,2023-07-03T09:30:00,96.34534194807847,97.19167858489082,96.02197307456387,96.93702065291187,1177702.2343182876,2023-07-03T16:00:00
2023-07-04T16:00:00,2023-07-04T09:30:00,97.04971863651924,97.63047996007622,96.36904779388486,96.63053713453388,1112766.6748281908,2023-07-04T16:00:00
2023-07-05T16:00:00,2023-07-05T09:30:00,96.6261693759065,97.31903564879481,96.34132447986163,97.15746989512195,1015230.5349640356,2023-07-05T16:00:00
2023-07-06T16:00:00,2023-07-06T09:30:00,97.08283175877209,97.77287139578387,96.6933711786,97.12387071037726,1094652.1508669127,2023-07-06T16:00:00
2023-07-07T16:00:00,2023-07-07T09:30:00,97.24295846188545,98.03811158433926,97.21317970972764,97.84591604053382,1118975.6676431966,2023-07-07T16:00:00
2023-07-10T16:00:00,2023-07-10T09:30:00,97.92736956453285,98.89272070366088,97.79377703056267,98.70012877051835,1251566.4064867666,2023-07-10T16:00:00
2023-07-11T16:00:00,2023-07-11T09:30:00,98.82837199624272,99.01649044073619,98.64918585605139,98.79674866413895,1035778.6779920832,2023-07-11T16:00:00
2023-07-12T16:00:00,2023-07-12T09:30:00,98.80152570316349,99.1270854851106,98.60554190346213,99.10961733999018,1055475.2824928334,2023-07-12T16:00:00
2023-07-13T16:00:00,2023-07-13T09:30:00,99.0329615835579,99.6626977430868,98.87966925745147,99.49525152590292,1054140.30524813,2023-07-13T16:00:00
2023-07-14T16:00:00,2023-07-14T09:30:00,99.24466974887982,99.25036362659843,98.76031983074324,98.95799354513956,1060475.7453530857,2023-07-14T16:00:00
2023-07-17T16:00:00,2023-07-17T09:30:00,98.80604812604145,100.93270226643907,98.74834072087732,100.6072328280929,1393799.5364085112,2023-07-17T16:00:00
2023-07-18T16:00:00,2023-07-18T09:30:00,100.68236489947661,101.37686364101648,100.5052219054376,101.24272049043002,1231833.0537631642,2023-07-18T16:00:00
2023-07-19T16:00:00,2023-07-19T09:30:00,101.1529617855524,101.20656716004223,101.01254617546346,101.01765502033304,1046104.0632808788,2023-07-19T16:00:00
2023-07-20T16:00:00,2023-07-20T09:30:00,101.00705396556077,101.72334092434035,100.42742875336694,101.64841552753862,1219328.263156536,2023-07-20T16:00:00
2023-07-21T16:00:00,2023-07-21T09:30:00,101.65134594249061,102.41917909826905,101.23076151268828,102.26019297264314,1240458.7687527556,2023-07-21T16:00:00
2023-07-24T16:00:00,2023-07-24T09:30:00,102.25412617224062,102.32201334150459,100.59204997697722,101.1060992404081,1225255.0832881846,2023-07-24T16:00:00
2023-07-25T16:00:00,2023-07-25T09:30:00,101.34246194833503,102.18822728130567,101.26357696049075,102.0995298828929,1186321.3703101291,2023-07-25T16:00:00
2023-07-26T16:00:00,2023-07-26T09:30:00,102.01827352800964,102.56114037422147,101.98939583240913,102.19107026526241,1118598.8423771288,2023-07-26T16:00:00
2023-07-27T16:00:00,2023-07-27T09:30:00,102.231636296209,102.52064234652393,101.83749246108967,102.51685158995991,1008380.9025439958,2023-07-27T16:00:00
2023-07-28T16:00:00,2023-07-28T09:30:00,102.6908156911122,103.80044308351803,102.4787457300505,103.57766748235335,1216775.9987392474,2023-07-28T16:00:00
2023-07-31T16:00:00,2023-07-31T09:30:00,103.50084302260031,103.82583814119508,103.1094605249031,103.22521504117722,937892.6586974912,2023-07-31T16:00:00
2023-08-01T16:00:00,2023-08-01T09:30:00,102.90604583815173,103.06310150553013,102.57964143359673,102.98994673862519,1073143.7711698485,2023-08-01T16:00:00
2023-08-02T16:00:00,2023-08-02T09:30:00,102.79451172060399,104.03310367055533,102.71592824059118,103.87525020787642,1214375.992305279,2023-08-02T16:00:00
2023-08-03T16:00:00,2023-08-03T09:30:00,103.89411085170946,104.20452300854842,102.88577540768073,103.14432168311477,1114863.3656677261,2023-08-03T16:00:00
2023-08-04T16:00:00,2023-08-04T09:30:00,102.89720390542438,102.96335434158507,102.2046638699597,102.45260681817682,1119254.176949879,2023-08-04T16:00:00
2023-08-07T16:00:00,2023-08-07T09:30:00,102.18558533825659,102.20772557315222,101.69371510570106,101.73085292473878,1013901.1296092559,2023-08-07T16:00:00
2023-08-08T16:00:00,2023-08-08T09:30:00,101.65962615832014,101.8427320245104,101.18911498380083,101.23927179865157,1158237.9634301828,2023-08-08T16:00:00
2023-08-09T16:00:00,2023-08-09T09:30:00,101.31383272026144,101.43831030662352,100.32384941120134,100.91007556459202,1034643.7323414269,2023-08-09T16:00:00
2023-08-10T16:00:00,2023-08-10T09:30:00,101.06629883189387,101.08129494865508,100.97367159076303,101.06959879095382,1116484.9334347695,2023-08-10T16:00:00
2023-08-11T16:00:00,2023-08-11T09:30:00,101.16798689803872,103.08429328574378,100.97559674565255,102.95166251931022,1338402.924260237,2023-08-11T16:00:00
2023-08-14T16:00:00,2023-08-14T09:30:00,102.96740419799318,103.191282824316,102.582584087961,102.78740156344408,986237.7235958698,2023-08-14T16:00:00
2023-08-15T16:00:00,2023-08-15T09:30:00,102.78973813464982,103.11228978068895,102.07434022342099,102.28826207245274,1169457.568372516,2023-08-15T16:00:00
2023-08-16T16:00:00,2023-08-16T09:30:00,102.17614146223049,103.48943209293664,102.17322588261136,103.40863239982737,1266103.4918008829,2023-08-16T16:00:00
2023-08-17T16:00:00,2023-08-17T09:30:00,103.1653834073623,104.58809095234926,103.02288362361583,104.19240179487548,1200618.955678014,2023-08-17T16:00:00
2023-08-18T16:00:00,2023-08-18T09:30:00,104.1415368156835,104.29961187207263,102.26763921603552,102.50389538666967,1318627.0212455417,2023-08-18T16:00:00
2023-08-21T16:00:00,2023-08-21T09:30:00,102.28923244101836,102.61196153582357,100.49615360538291,100.53166743125237,1455821.0990018412,2023-08-21T16:00:00
2023-08-22T16:00:00,2023-08-22T09:30:00,100.47571472068763,100.70973030673301,98.51740014579944,98.88610353595882,1418254.0960142014,2023-08-22T16:00:00
2023-08-23T16:00:00,2023-08-23T09:30:00,98.96747516895955,99.42682559288293,98.66542425378096,99.38054820988849,1104386.7265507777,2023-08-23T16:00:00
2023-08-24T16:00:00,2023-08-24T09:30:00,99.33504484448216,100.65708363425594,99.12375111437082,100.54376514064326,1274615.5794852301,2023-08-24T16:00:00
2023-08-25T16:00:00,2023-08-25T09:30:00,100.61690856320844,101.56137745796784,100.5899574713787,101.29798548013237,1176688.5655586729,2023-08-25T16:00:00
2023-08-28T16:00:00,2023-08-28T09:30:00,101.38370688937886,101.97004765726007,100.72353767291159,100.98900259767812,977788.2255493068,2023-08-28T16:00:00
2023-08-29T16:00:00,2023-08-29T09:30:00,100.93855771981971,101.33783998526951,100.64149038091526,100.93894747154802,928660.8047984003,2023-08-29T16:00:00
2023-08-30T16:00:00,2023-08-30T09:30:00,100.85136467934295,101.07340592590852,99.96093890299889,100.07406886436657,1245338.6429397368,2023-08-30T16:00:00
2023-08-31T16:00:00,2023-08-31T09:30:00,100.00606958204139,101.13582403698727,99.74644570305341,101.04177952040004,1314575.364589582,2023-08-31T16:00:00
2023-09-01T16:00:00,2023-09-01T09:30:00,101.18520597359569,101.88226364137304,100.93975168274231,101.87307277412782,1100343.7494184661,2023-09-01T16:00:00
2023-09-04T16:00:00,2023-09-04T09:30:00,101.97853062945666,103.0500518501211,101.6739786388992,102.85880825688145,1207014.0157463336,2023-09-04T16:00:00
2023-09-05T16:00:00,2023-09-05T09:30:00,102.87319834548468,103.04654510451726,102.53539442958595,102.6394288072128,1094732.2036229423,2023-09-05T16:00:00
2023-09-06T16:00:00,2023-09-06T09:30:00,102.4624371244676,103.2327376481683,102.12186628688424,102.26868701460897,1040303.2901985671,2023-09-06T16:00:00
2023-09-07T16:00:00,2023-09-07T09:30:00,102.10212047239784,102.32065048144011,101.00468825912156,101.14186790260892,1283789.3593628365,2023-09-07T16:00:00
2023-09-08T16:00:00,2023-09-08T09:30:00,101.08407518044582,101.08740818493806,100.298786227395,100.70044677687983,1121385.6447583477,2023-09-08T16:00:00
2023-09-11T16:00:00,2023-09-11T09:30:00,100.75006047669586,101.73415384981219,100.69579957156283,101.55503821396803,1204587.188001395,2023-09-11T16:00:00
2023-09-12T16:00:00,2023-09-12T09:30:00,101.47059436970724,101.6594740871562,101.11784125397962,101.33990483710247,1007831.7962651582,2023-09-12T16:00:00
2023-09-13T16:00:00,2023-09-13T09:30:00,101.28618894948012,101.60055437496696,100.9135174065494,101.1298857588156,1053592.1394991667,2023-09-13T16:00:00
2023-09-14T16:00:00,2023-09-14T09:30:00,100.99053300684055,100.99484035511463,100.02423855687334,100.44095476028075,1081310.9151293533,2023-09-14T16:00:00
2023-09-15T16:00:00,2023-09-15T09:30:00,100.65538925449346,101.16863578986246,100.59956310703625,100.72286304536571,952816.9433094854,2023-09-15T16:00:00
2023-09-18T16:00:00,2023-09-18T09:30:00,100.60479345993144,101.2837554807176,100.39263530960032,100.77526465364843,1102569.0972119372,2023-09-18T16:00:00
2023-09-19T16:00:00,2023-09-19T09:30:00,100.72900344716798,100.81481609918134,100.18044971768263,100.42943556398508,1146987.4172132844,2023-09-19T16:00:00
2023-09-20T16:00:00,2023-09-20T09:30:00,100.29915526576316,100.64128705770446,100.19714299451817,100.44949251009164,1166282.3042114694,2023-09-20T16:00:00
2023-09-21T16:00:00,2023-09-21T09:30:00,100.52731790814114,100.93310757312658,100.2998264640817,100.68689018463135,1081125.3529041896,2023-09-21T16:00:00
2023-09-22T16:00:00,2023-09-22T09:30:00,100.38064067286626,100.44092228222252,98.74043510347569,98.97214513218475,1209723.7438570175,2023-09-22T16:00:00
2023-09-25T16:00:00,2023-09-25T09:30:00,98.79985369998762,99.61415047859131,98.7483099116039,99.58332271464703,1226900.410803368,2023-09-25T16:00:00
2023-09-26T16:00:00,2023-09-26T09:30:00,99.37271150171614,99.58013708769231,99.25753348195214,99.3878859180299,957166.0743887128,2023-09-26T16:00:00
2023-09-27T16:00:00,2023-09-27T09:30:00,99.69695045058357,99.89294929858758,99.23619819468624,99.3520201161058,1047852.1368125333,2023-09-27T16:00:00
2023-09-28T16:00:00,2023-09-28T09:30:00,99.35301928415215,100.3452708619812,99.28872539909518,99.53885124746557,1157788.7735060565,2023-09-28T16:00:00
2023-09-29T16:00:00,2023-09-29T09:30:00,99.24506788643775,101.30940021418594,99.14668477935906,100.87892973930211,1409720.9459970335,2023-09-29T16:00:00
2023-10-02T16:00:00,2023-10-02T09:30:00,101.05801325365293,102.23647822937207,100.85511451148628,101.9526441524941,1304919.098979244,2023-10-02T16:00:00
2023-10-03T16:00:00,2023-10-03T09:30:00,101.64007682387181,102.48559599401203,100.76784493354677,101.14844639648334,954768.9843310954,2023-10-03T16:00:00
2023-10-04T16:00:00,2023-10-04T09:30:00,101.1250677749137,101.6831112545827,100.56209505272636,100.78987276748504,946377.0685871769,2023-10-04T16:00:00
2023-10-05T16:00:00,2023-10-05T09:30:00,100.93580114628949,101.05217162924347,99.5932112843471,99.68619437460444,1235246.1021445845,2023-10-05T16:00:00
2023-10-06T16:00:00,2023-10-06T09:30:00,99.69006223349514,101.10954732655985,99.47778760136744,100.82328568969874,1213102.4558641454,2023-10-06T16:00:00
2023-10-09T16:00:00,2023-10-09T09:30:00,100.57459955330074,100.73119585162131,100.05254626998385,100.19552977788494,1033804.1773590281,2023-10-09T16:00:00
2023-10-10T16:00:00,2023-10-10T09:30:00,99.94283784660601,100.01743730011364,99.28509494640566,99.40422752162823,1201354.1106131747,2023-10-10T16:00:00
2023-10-11T16:00:00,2023-10-11T09:30:00,99.46222151129855,100.60432233189098,99.33784315337255,100.11504327993562,1182785.2256183214,2023-10-11T16:00:00
2023-10-12T16:00:00,2023-10-12T09:30:00,100.3738844231412,101.16347504525977,99.99602911116745,100.8596498456631,1164747.838798496,2023-10-12T16:00:00
2023-10-13T16:00:00,2023-10-13T09:30:00,100.7568956593457,101.56563017835526,100.58629908218586,101.18599137382047,1148126.70325988,2023-10-13T16:00:00
2023-10-16T16:00:00,2023-10-16T09:30:00,101.2372171567251,101.48878026009629,99.53936257644843,99.57226813544301,1393196.0003901557,2023-10-16T16:00:00
2023-10-17T16:00:00,2023-10-17T09:30:00,99.60391712183781,99.62117619643804,98.76237161272498,98.86742555285667,1190222.6915707965,2023-10-17T16:00:00
2023-10-18T16:00:00,2023-10-18T09:30:00,98.8855336516818,98.97429519302477,98.48520138713255,98.66090787750865,1080351.4664914513,2023-10-18T16:00:00
2023-10-19T16:00:00,2023-10-19T09:30:00,98.73487781576424,98.84566504725117,96.70543052041607,97.42838573717225,1241524.2698703834,2023-10-19T16:00:00
2023-10-20T16:00:00,2023-10-20T09:30:00,97.14394192087168,97.30879031759967,96.97294605159985,96.99423584579353,997189.2294741607,2023-10-20T16:00:00
2023-10-23T16:00:00,2023-10-23T09:30:00,97.06886425658864,98.07148577361379,97.03785722920036,97.8667274900159,1193108.9823217632,2023-10-23T16:00:00
2023-10-24T16:00:00,2023-10-24T09:30:00,97.56439239261205,98.54681624414407,97.43405459605796,98.52686431910504,1289227.1489310719,2023-10-24T16:00:00
2023-10-25T16:00:00,2023-10-25T09:30:00,98.50447243391021,99.71890901723374,98.08702508550581,99.70245420620171,1315257.2982070544,2023-10-25T16:00:00
2023-10-26T16:00:00,2023-10-26T09:30:00,99.60396689475141,99.9977143423712,98.66275403351646,99.19261428984014,1126324.4793910107,2023-10-26T16:00:00
2023-10-27T16:00:00,2023-10-27T09:30:00,99.31646640322803,99.93392596243835,99.06200994920705,99.91739651466709,1216228.8488142467,2023-10-27T16:00:00
2023-10-30T16:00:00,2023-10-30T09:30:00,100.0002446045495,100.08155790548251,99.53946296143388,99.74230084410766,1145299.0883735802,2023-10-30T16:00:00
2023-10-31T16:00:00,2023-10-31T09:30:00,99.63666934891262,99.68782479263893,99.16823601400125,99.34192503448192,1175345.724249068,2023-10-31T16:00:00
2023-11-01T16:00:00,2023-11-01T09:30:00,99.34476966883852,100.7265060106563,98.93627668848214,100.6055212530733,1192610.5706026647,2023-11-01T16:00:00
2023-11-02T16:00:00,2023-11-02T09:30:00,100.54424531190284,100.56813533920408,98.92928860865388,99.3050451965539,1410542.9617543514,2023-11-02T16:00:00
2023-11-03T16:00:00,2023-11-03T09:30:00,99.26574445114962,99.2771282340687,98.79817627037065,99.23627649870711,1145966.2248285906,2023-11-03T16:00:00
2023-11-06T16:00:00,2023-11-06T09:30:00,99.12699303040824,99.21930798781554,97.71407584489202,97.95676406078388,1225564.9131384767,2023-11-06T16:00:00
2023-11-07T16:00:00,2023-11-07T09:30:00,97.98846790239907,98.52880497805141,97.93576851830068,98.0341402176526,1055782.7082962561,2023-11-07T16:00:00
2023-11-08T16:00:00,2023-11-08T09:30:00,98.2139751390829,99.87430292497119,98.07825925980156,99.56025742302313,1190799.9212223985,2023-11-08T16:00:00
2023-11-09T16:00:00,2023-11-09T09:30:00,99.66167488456809,101.64194044906282,99.268856372901,101.46604701426043,1356374.9087861546,2023-11-09T16:00:00
2023-11-10T16:00:00,2023-11-10T09:30:00,101.42813072191846,101.754847077596,100.90010870250173,101.60126951716181,946783.7826257215,2023-11-10T16:00:00
2023-11-13T16:00:00,2023-11-13T09:30:00,101.63580912780024,101.99302983947591,99.76175771509745,100.15345825825833,1305336.4314176957,2023-11-13T16:00:00
2023-11-14T16:00:00,2023-11-14T09:30:00,100.18270872860738,100.53539535996539,100.02963676696642,100.31186626356536,934358.712385465,2023-11-14T16:00:00
2023-11-15T16:00:00,2023-11-15T09:30:00,100.43456521059746,102.10800711379554,100.41590409678456,101.53868157255732,1168481.9848794139,2023-11-15T16:00:00
2023-11-16T16:00:00,2023-11-16T09:30:00,101.66471805548827,101.83677814884223,101.14889638936808,101.40246392573529,1063071.6579771573,2023-11-16T16:00:00
2023-11-17T16:00:00,2023-11-17T09:30:00,101.12925236582821,101.77019570019333,99.81952134348822,100.49388152411383,1079462.148481197,2023-11-17T16:00:00
2023-11-20T16:00:00,2023-11-20T09:30:00,100.33936399363864,100.86143642138445,99.80611700122296,99.93941216441839,1194793.522978114,2023-11-20T16:00:00
2023-11-21T16:00:00,2023-11-21T09:30:00,99.78845392693447,100.14788186794335,99.17292773993707,100.01859977941083,1085585.9705529206,2023-11-21T16:00:00
2023-11-22T16:00:00,2023-11-22T09:30:00,99.91494831291965,100.86846235051226,99.52163568178983,100.398929095359,1206002.5898637613,2023-11-22T16:00:00
2023-11-23T16:00:00,2023-11-23T09:30:00,100.00628595627812,100.28590558743055,99.8943411759803,100.16705405187733,1035491.73954126,2023-11-23T16:00:00
2023-11-24T16:00:00,2023-11-24T09:30:00,100.0114748355927,100.57612818818464,99.7429556381827,100.51239130411042,1084222.8578829055,2023-11-24T16:00:00
2023-11-27T16:00:00,2023-11-27T09:30:00,100.56991871739433,101.08646248642931,98.69781125588786,98.91072465870913,1424302.092917881,2023-11-27T16:00:00
2023-11-28T16:00:00,2023-11-28T09:30:00,98.7049240850253,99.06297109247707,97.87303152702087,98.01313236793564,1117400.7222545464,2023-11-28T16:00:00
2023-11-29T16:00:00,2023-11-29T09:30:00,97.93499602719395,98.69245709425941,97.93051543417117,98.41409585053337,1066739.144982553,2023-11-29T16:00:00
2023-11-30T16:00:00,2023-11-30T09:30:00,98.40754794421876,98.84772564383202,98.1985779827401,98.67932649002577,1057580.0053446498,2023-11-30T16:00:00
2023-12-01T16:00:00,2023-12-01T09:30:00,98.67923020001679,99.5841694194595,98.43435262708627,99.27961526744957,1219571.041034905,2023-12-01T16:00:00
2023-12-04T16:00:00,2023-12-04T09:30:00,99.29621520095439,100.57812468874458,99.25395158056772,100.32360213979179,1247530.815220447,2023-12-04T16:00:00
2023-12-05T16:00:00,2023-12-05T09:30:00,100.47032374741043,100.5005804084975,100.12406373901462,100.29037838131771,1018774.7287614446,2023-12-05T16:00:00
2023-12-06T16:00:00,2023-12-06T09:30:00,100.55854895264915,100.90496576630922,99.80623551496691,100.45786713470629,1071720.303891274,2023-12-06T16:00:00
2023-12-07T16:00:00,2023-12-07T09:30:00,100.40673962971353,100.61339798881343,100.21986813331259,100.59587885272802,1127652.436002399,2023-12-07T16:00:00
2023-12-08T16:00:00,2023-12-08T09:30:00,100.80224841637651,100.94540332832396,100.66724426813026,100.87797517015032,1035962.1181290324,2023-12-08T16:00:00
2023-12-11T16:00:00,2023-12-11T09:30:00,101.14236290480794,101.41509694969747,100.97586415115164,101.40542687580549,1091397.868527726,2023-12-11T16:00:00
2023-12-12T16:00:00,2023-12-12T09:30:00,101.26458064853963,101.33232601296126,100.54925334849578,100.64507930625602,1024900.4462062494,2023-12-12T16:00:00
2023-12-13T16:00:00,2023-12-13T09:30:00,100.68794093338009,100.81650803235621,99.74180743588138,99.91816453195025,1229606.7329980307,2023-12-13T16:00:00
2023-12-14T16:00:00,2023-12-14T09:30:00,99.75361257794611,100.8837466867111,99.73852995169041,100.68685745327696,1326268.0460889102,2023-12-14T16:00:00
2023-12-15T16:00:00,2023-12-15T09:30:00,100.85225527937307,101.67820778846608,100.59133838265666,101.3357000434255,1148388.0021509966,2023-12-15T16:00:00
2023-12-18T16:00:00,2023-12-18T09:30:00,101.27563088172256,101.40042260919688,100.02117298692923,100.53812910703577,1186194.05923047,2023-12-18T16:00:00
2023-12-19T16:00:00,2023-12-19T09:30:00,100.39319303841373,101.05556017379523,99.42429372019807,99.83224707827621,1205343.308951511,2023-12-19T16:00:00
2023-12-20T16:00:00,2023-12-20T09:30:00,100.12098886592173,101.29952269719917,99.94444795713814,100.92896432761226,1222703.9288785607,2023-12-20T16:00:00
2023-12-21T16:00:00,2023-12-21T09:30:00,100.95022337753446,101.42504014235038,99.01620855234528,99.47840107433126,1349163.7667660634,2023-12-21T16:00:00
2023-12-22T16:00:00,2023-12-22T09:30:00,99.41295626007953,99.51154918278834,98.78100033863853,98.83938852086018,1141341.035372288,2023-12-22T16:00:00
2023-12-25T16:00:00,2023-12-25T09:30:00,98.58311205552822,98.8626336301693,98.40603031289552,98.50897582321853,1031725.0338692284,2023-12-25T16:00:00
2023-12-26T16:00:00,2023-12-26T09:30:00,98.60956100289648,98.6706242634518,97.88245283575381,98.24847479308953,1063960.5642232671,2023-12-26T16:00:00
2023-12-27T16:00:00,2023-12-27T09:30:00,98.5050680576201,98.7696902439138,98.32417126903074,98.38945358724081,969044.6602850683,2023-12-27T16:00:00
2023-12-28T16:00:00,2023-12-28T09:30:00,98.38238835029391,99.88091844583026,98.18379935863334,99.56369706126347,1332730.9820211707,2023-12-28T16:00:00
2023-12-29T16:00:00,2023-12-29T09:30:00,99.515111822342,99.53314066567798,98.74707579555256,99.44044469453424,1051689.0453945524,2023-12-29T16:00:00
2024-01-01T16:00:00,2024-01-01T09:30:00,99.55338336482356,100.02873285804942,99.05846672168619,99.4335796630149,948627.2123002795,2024-01-01T16:00:00
2024-01-02T16:00:00,2024-01-02T09:30:00,99.38449298976091,100.86258499331218,99.16859473229458,100.7285232803158,1294372.1321409945,2024-01-02T16:00:00
2024-01-03T16:00:00,2024-01-03T09:30:00,100.63814096847084,101.11565938581795,99.27491007232953,99.38159995261368,1158422.9268375733,2024-01-03T16:00:00
2024-01-04T16:00:00,2024-01-04T09:30:00,99.35109814820636,99.68377554758979,98.57038204963865,98.8045637779894,1209028.51670276,2024-01-04T16:00:00
2024-01-05T16:00:00,2024-01-05T09:30:00,98.85238509408768,98.92867718110925,97.90379555709613,98.05799951857195,1146420.745545987,2024-01-05T16:00:00
2024-01-08T16:00:00,2024-01-08T09:30:00,98.18998176585615,99.17292718995513,98.06366385383272,98.68101062928064,1137928.4959124872,2024-01-08T16:00:00
2024-01-09T16:00:00,2024-01-09T09:30:00,98.4730641493801,99.10240806430718,98.28521847492573,98.96409760871398,1194075.8564277804,2024-01-09T16:00:00
2024-01-10T16:00:00,2024-01-10T09:30:00,99.3480205651456,99.9723623234091,99.19199924718356,99.76534498023145,1030249.4601305724,2024-01-10T16:00:00
2024-01-11T16:00:00,2024-01-11T09:30:00,99.68806945302742,99.76310115012724,98.5761518075603,98.65528269130132,1270137.3259281176,2024-01-11T16:00:00
2024-01-12T16:00:00,2024-01-12T09:30:00,98.61470890784585,98.65747373277249,98.26526176451505,98.31179286428382,990361.9071087174,2024-01-12T16:00:00
2024-01-15T16:00:00,2024-01-15T09:30:00,98.22850451941571,99.46033308454341,98.1086870424887,99.19257440932012,1145232.2719764817,2024-01-15T16:00:00
2024-01-16T16:00:00,2024-01-16T09:30:00,99.41315902968603,99.78388978769739,98.90815160357509,99.07527296668975,1118232.9180387808,2024-01-16T16:00:00
2024-01-17T16:00:00,2024-01-17T09:30:00,99.14945461148528,100.64064638879087,98.84374747227504,100.50599989467575,1301261.7245145268,2024-01-17T16:00:00
2024-01-18T16:00:00,2024-01-18T09:30:00,100.43623523311474,100.6670354800181,100.04034228314006,100.37636777409948,1113182.836249078,2024-01-18T16:00:00
2024-01-19T16:00:00,2024-01-19T09:30:00,100.22019198607816,100.97758126087466,100.08878690476105,100.90153161474545,1144710.3359786484,2024-01-19T16:00:00
2024-01-22T16:00:00,2024-01-22T09:30:00,100.88973085073603,100.96225639955485,100.15264397800308,100.60214534207509,1118995.2767701524,2024-01-22T16:00:00
2024-01-23T16:00:00,2024-01-23T09:30:00,100.45955943022902,101.03784121618013,99.37943986556152,100.13873893887276,1089308.4120032417,2024-01-23T16:00:00
2024-01-24T16:00:00,2024-01-24T09:30:00,100.03989068200211,100.81800740269586,99.74926448652573,100.66733250688296,1113666.929299136,2024-01-24T16:00:00
2024-01-25T16:00:00,2024-01-25T09:30:00,100.41902717330154,100.58437433883726,99.0494911395627,99.56040476336725,1090627.5286061119,2024-01-25T16:00:00
2024-01-26T16:00:00,2024-01-26T09:30:00,99.41280199942966,101.27455480880259,99.2158198955401,101.13463571752065,1335936.2689723403,2024-01-26T16:00:00
2024-01-29T16:00:00,2024-01-29T09:30:00,101.12275246707506,102.4925380759188,100.90352659792721,102.15629353248947,1264359.7347340721,2024-01-29T16:00:00
